﻿<?xml version="1.0" encoding="utf-8"?>
<Collection MaxLevel="7" TileSize="256" Format="png" NextItemId="397" ServerFormat="Default" xmlns="http://schemas.microsoft.com/deepzoom/2009">
  <Items>
    <I Id="0" N="0" Source="images/database.xml">
      <Size Width="204" Height="204" />
    </I>
    <I Id="1" N="1" Source="images/database.xml">
      <Size Width="204" Height="204" />
    </I>
    <I Id="2" N="2" Source="images/database.xml">
      <Size Width="204" Height="204" />
    </I>
    <I Id="3" N="3" Source="images/database.xml">
      <Size Width="204" Height="204" />
    </I>
    <I Id="4" N="4" Source="images/database.xml">
      <Size Width="204" Height="204" />
    </I>
    <I Id="5" N="5" Source="images/database.xml">
      <Size Width="204" Height="204" />
    </I>
    <I Id="6" N="6" Source="images/database.xml">
      <Size Width="204" Height="204" />
    </I>
    <I Id="7" N="7" Source="images/database.xml">
      <Size Width="204" Height="204" />
    </I>
    <I Id="8" N="8" Source="images/database.xml">
      <Size Width="204" Height="204" />
    </I>
    <I Id="9" N="9" Source="images/database.xml">
      <Size Width="204" Height="204" />
    </I>
    <I Id="10" N="10" Source="images/database.xml">
      <Size Width="204" Height="204" />
    </I>
    <I Id="11" N="11" Source="images/database.xml">
      <Size Width="204" Height="204" />
    </I>
    <I Id="12" N="12" Source="images/database.xml">
      <Size Width="204" Height="204" />
    </I>
    <I Id="13" N="13" Source="images/database.xml">
      <Size Width="204" Height="204" />
    </I>
    <I Id="14" N="14" Source="images/database.xml">
      <Size Width="204" Height="204" />
    </I>
    <I Id="15" N="15" Source="images/database.xml">
      <Size Width="204" Height="204" />
    </I>
    <I Id="16" N="16" Source="images/database.xml">
      <Size Width="204" Height="204" />
    </I>
    <I Id="17" N="17" Source="images/database.xml">
      <Size Width="204" Height="204" />
    </I>
    <I Id="18" N="18" Source="images/database.xml">
      <Size Width="204" Height="204" />
    </I>
    <I Id="19" N="19" Source="images/database.xml">
      <Size Width="204" Height="204" />
    </I>
    <I Id="20" N="20" Source="images/database.xml">
      <Size Width="204" Height="204" />
    </I>
    <I Id="21" N="21" Source="images/database.xml">
      <Size Width="204" Height="204" />
    </I>
    <I Id="22" N="22" Source="images/database.xml">
      <Size Width="204" Height="204" />
    </I>
    <I Id="23" N="23" Source="images/database.xml">
      <Size Width="204" Height="204" />
    </I>
    <I Id="24" N="24" Source="images/database.xml">
      <Size Width="204" Height="204" />
    </I>
    <I Id="25" N="25" Source="images/database.xml">
      <Size Width="204" Height="204" />
    </I>
    <I Id="26" N="26" Source="images/database.xml">
      <Size Width="204" Height="204" />
    </I>
    <I Id="27" N="27" Source="images/database.xml">
      <Size Width="204" Height="204" />
    </I>
    <I Id="28" N="28" Source="images/database.xml">
      <Size Width="204" Height="204" />
    </I>
    <I Id="29" N="29" Source="images/database.xml">
      <Size Width="204" Height="204" />
    </I>
    <I Id="30" N="30" Source="images/database.xml">
      <Size Width="204" Height="204" />
    </I>
    <I Id="31" N="31" Source="images/database.xml">
      <Size Width="204" Height="204" />
    </I>
    <I Id="32" N="32" Source="images/database.xml">
      <Size Width="204" Height="204" />
    </I>
    <I Id="33" N="33" Source="images/database.xml">
      <Size Width="204" Height="204" />
    </I>
    <I Id="34" N="34" Source="images/database.xml">
      <Size Width="204" Height="204" />
    </I>
    <I Id="35" N="35" Source="images/database.xml">
      <Size Width="204" Height="204" />
    </I>
    <I Id="36" N="36" Source="images/database.xml">
      <Size Width="204" Height="204" />
    </I>
    <I Id="37" N="37" Source="images/database.xml">
      <Size Width="204" Height="204" />
    </I>
    <I Id="38" N="38" Source="images/database.xml">
      <Size Width="204" Height="204" />
    </I>
    <I Id="39" N="39" Source="images/database.xml">
      <Size Width="204" Height="204" />
    </I>
    <I Id="40" N="40" Source="images/database.xml">
      <Size Width="204" Height="204" />
    </I>
    <I Id="41" N="41" Source="images/database.xml">
      <Size Width="204" Height="204" />
    </I>
    <I Id="42" N="42" Source="images/database.xml">
      <Size Width="204" Height="204" />
    </I>
    <I Id="43" N="43" Source="images/database.xml">
      <Size Width="204" Height="204" />
    </I>
    <I Id="44" N="44" Source="images/database.xml">
      <Size Width="204" Height="204" />
    </I>
    <I Id="45" N="45" Source="images/database.xml">
      <Size Width="204" Height="204" />
    </I>
    <I Id="46" N="46" Source="images/database.xml">
      <Size Width="204" Height="204" />
    </I>
    <I Id="47" N="47" Source="images/database.xml">
      <Size Width="204" Height="204" />
    </I>
    <I Id="48" N="48" Source="images/database.xml">
      <Size Width="204" Height="204" />
    </I>
    <I Id="49" N="49" Source="images/database.xml">
      <Size Width="204" Height="204" />
    </I>
    <I Id="50" N="50" Source="images/database.xml">
      <Size Width="204" Height="204" />
    </I>
    <I Id="51" N="51" Source="images/database.xml">
      <Size Width="204" Height="204" />
    </I>
    <I Id="52" N="52" Source="images/database.xml">
      <Size Width="204" Height="204" />
    </I>
    <I Id="53" N="53" Source="images/database.xml">
      <Size Width="204" Height="204" />
    </I>
    <I Id="54" N="54" Source="images/database.xml">
      <Size Width="204" Height="204" />
    </I>
    <I Id="55" N="55" Source="images/database.xml">
      <Size Width="204" Height="204" />
    </I>
    <I Id="56" N="56" Source="images/database.xml">
      <Size Width="204" Height="204" />
    </I>
    <I Id="57" N="57" Source="images/database.xml">
      <Size Width="204" Height="204" />
    </I>
    <I Id="58" N="58" Source="images/database.xml">
      <Size Width="204" Height="204" />
    </I>
    <I Id="59" N="59" Source="images/database.xml">
      <Size Width="204" Height="204" />
    </I>
    <I Id="60" N="60" Source="images/database.xml">
      <Size Width="204" Height="204" />
    </I>
    <I Id="61" N="61" Source="images/database.xml">
      <Size Width="204" Height="204" />
    </I>
    <I Id="62" N="62" Source="images/database.xml">
      <Size Width="204" Height="204" />
    </I>
    <I Id="63" N="63" Source="images/database.xml">
      <Size Width="204" Height="204" />
    </I>
    <I Id="64" N="64" Source="images/database.xml">
      <Size Width="204" Height="204" />
    </I>
    <I Id="65" N="65" Source="images/database.xml">
      <Size Width="204" Height="204" />
    </I>
    <I Id="66" N="66" Source="images/database.xml">
      <Size Width="204" Height="204" />
    </I>
    <I Id="67" N="67" Source="images/database.xml">
      <Size Width="204" Height="204" />
    </I>
    <I Id="68" N="68" Source="images/database.xml">
      <Size Width="204" Height="204" />
    </I>
    <I Id="69" N="69" Source="images/database.xml">
      <Size Width="204" Height="204" />
    </I>
    <I Id="70" N="70" Source="images/database.xml">
      <Size Width="204" Height="204" />
    </I>
    <I Id="71" N="71" Source="images/database.xml">
      <Size Width="204" Height="204" />
    </I>
    <I Id="72" N="72" Source="images/database.xml">
      <Size Width="204" Height="204" />
    </I>
    <I Id="73" N="73" Source="images/database.xml">
      <Size Width="204" Height="204" />
    </I>
    <I Id="74" N="74" Source="images/database.xml">
      <Size Width="204" Height="204" />
    </I>
    <I Id="75" N="75" Source="images/database.xml">
      <Size Width="204" Height="204" />
    </I>
    <I Id="76" N="76" Source="images/database.xml">
      <Size Width="204" Height="204" />
    </I>
    <I Id="77" N="77" Source="images/database.xml">
      <Size Width="204" Height="204" />
    </I>
    <I Id="78" N="78" Source="images/database.xml">
      <Size Width="204" Height="204" />
    </I>
    <I Id="79" N="79" Source="images/database.xml">
      <Size Width="204" Height="204" />
    </I>
    <I Id="80" N="80" Source="images/database.xml">
      <Size Width="204" Height="204" />
    </I>
    <I Id="81" N="81" Source="images/database.xml">
      <Size Width="204" Height="204" />
    </I>
    <I Id="82" N="82" Source="images/database.xml">
      <Size Width="204" Height="204" />
    </I>
    <I Id="83" N="83" Source="images/database.xml">
      <Size Width="204" Height="204" />
    </I>
    <I Id="84" N="84" Source="images/database.xml">
      <Size Width="204" Height="204" />
    </I>
    <I Id="85" N="85" Source="images/database.xml">
      <Size Width="204" Height="204" />
    </I>
    <I Id="86" N="86" Source="images/database.xml">
      <Size Width="204" Height="204" />
    </I>
    <I Id="87" N="87" Source="images/database.xml">
      <Size Width="204" Height="204" />
    </I>
    <I Id="88" N="88" Source="images/database.xml">
      <Size Width="204" Height="204" />
    </I>
    <I Id="89" N="89" Source="images/database.xml">
      <Size Width="204" Height="204" />
    </I>
    <I Id="90" N="90" Source="images/database.xml">
      <Size Width="204" Height="204" />
    </I>
    <I Id="91" N="91" Source="images/database.xml">
      <Size Width="204" Height="204" />
    </I>
    <I Id="92" N="92" Source="images/database.xml">
      <Size Width="204" Height="204" />
    </I>
    <I Id="93" N="93" Source="images/database.xml">
      <Size Width="204" Height="204" />
    </I>
    <I Id="94" N="94" Source="images/database.xml">
      <Size Width="204" Height="204" />
    </I>
    <I Id="95" N="95" Source="images/database.xml">
      <Size Width="204" Height="204" />
    </I>
    <I Id="96" N="96" Source="images/database.xml">
      <Size Width="204" Height="204" />
    </I>
    <I Id="97" N="97" Source="images/database.xml">
      <Size Width="204" Height="204" />
    </I>
    <I Id="98" N="98" Source="images/database.xml">
      <Size Width="204" Height="204" />
    </I>
    <I Id="99" N="99" Source="images/database.xml">
      <Size Width="204" Height="204" />
    </I>
    <I Id="100" N="100" Source="images/database.xml">
      <Size Width="204" Height="204" />
    </I>
    <I Id="101" N="101" Source="images/database.xml">
      <Size Width="204" Height="204" />
    </I>
    <I Id="102" N="102" Source="images/database.xml">
      <Size Width="204" Height="204" />
    </I>
    <I Id="103" N="103" Source="images/database.xml">
      <Size Width="204" Height="204" />
    </I>
    <I Id="104" N="104" Source="images/database.xml">
      <Size Width="204" Height="204" />
    </I>
    <I Id="105" N="105" Source="images/database.xml">
      <Size Width="204" Height="204" />
    </I>
    <I Id="106" N="106" Source="images/database.xml">
      <Size Width="204" Height="204" />
    </I>
    <I Id="107" N="107" Source="images/database.xml">
      <Size Width="204" Height="204" />
    </I>
    <I Id="108" N="108" Source="images/database.xml">
      <Size Width="204" Height="204" />
    </I>
    <I Id="109" N="109" Source="images/database.xml">
      <Size Width="204" Height="204" />
    </I>
    <I Id="110" N="110" Source="images/database.xml">
      <Size Width="204" Height="204" />
    </I>
    <I Id="111" N="111" Source="images/database.xml">
      <Size Width="204" Height="204" />
    </I>
    <I Id="112" N="112" Source="images/database.xml">
      <Size Width="204" Height="204" />
    </I>
    <I Id="113" N="113" Source="images/database.xml">
      <Size Width="204" Height="204" />
    </I>
    <I Id="114" N="114" Source="images/database.xml">
      <Size Width="204" Height="204" />
    </I>
    <I Id="115" N="115" Source="images/database.xml">
      <Size Width="204" Height="204" />
    </I>
    <I Id="116" N="116" Source="images/database.xml">
      <Size Width="204" Height="204" />
    </I>
    <I Id="117" N="117" Source="images/database.xml">
      <Size Width="204" Height="204" />
    </I>
    <I Id="118" N="118" Source="images/database.xml">
      <Size Width="204" Height="204" />
    </I>
    <I Id="119" N="119" Source="images/database.xml">
      <Size Width="204" Height="204" />
    </I>
    <I Id="120" N="120" Source="images/database.xml">
      <Size Width="204" Height="204" />
    </I>
    <I Id="121" N="121" Source="images/database.xml">
      <Size Width="204" Height="204" />
    </I>
    <I Id="122" N="122" Source="images/database.xml">
      <Size Width="204" Height="204" />
    </I>
    <I Id="123" N="123" Source="images/database.xml">
      <Size Width="204" Height="204" />
    </I>
    <I Id="124" N="124" Source="images/database.xml">
      <Size Width="204" Height="204" />
    </I>
    <I Id="125" N="125" Source="images/database.xml">
      <Size Width="204" Height="204" />
    </I>
    <I Id="126" N="126" Source="images/database.xml">
      <Size Width="204" Height="204" />
    </I>
    <I Id="127" N="127" Source="images/database.xml">
      <Size Width="204" Height="204" />
    </I>
    <I Id="128" N="128" Source="images/database.xml">
      <Size Width="204" Height="204" />
    </I>
    <I Id="129" N="129" Source="images/database.xml">
      <Size Width="204" Height="204" />
    </I>
    <I Id="130" N="130" Source="images/database.xml">
      <Size Width="204" Height="204" />
    </I>
    <I Id="131" N="131" Source="images/database.xml">
      <Size Width="204" Height="204" />
    </I>
    <I Id="132" N="132" Source="images/database.xml">
      <Size Width="204" Height="204" />
    </I>
    <I Id="133" N="133" Source="images/database.xml">
      <Size Width="204" Height="204" />
    </I>
    <I Id="134" N="134" Source="images/database.xml">
      <Size Width="204" Height="204" />
    </I>
    <I Id="135" N="135" Source="images/database.xml">
      <Size Width="204" Height="204" />
    </I>
    <I Id="136" N="136" Source="images/database.xml">
      <Size Width="204" Height="204" />
    </I>
    <I Id="137" N="137" Source="images/database.xml">
      <Size Width="204" Height="204" />
    </I>
    <I Id="138" N="138" Source="images/database.xml">
      <Size Width="204" Height="204" />
    </I>
    <I Id="139" N="139" Source="images/database.xml">
      <Size Width="204" Height="204" />
    </I>
    <I Id="140" N="140" Source="images/database.xml">
      <Size Width="204" Height="204" />
    </I>
    <I Id="141" N="141" Source="images/database.xml">
      <Size Width="204" Height="204" />
    </I>
    <I Id="142" N="142" Source="images/database.xml">
      <Size Width="204" Height="204" />
    </I>
    <I Id="143" N="143" Source="images/database.xml">
      <Size Width="204" Height="204" />
    </I>
    <I Id="144" N="144" Source="images/database.xml">
      <Size Width="204" Height="204" />
    </I>
    <I Id="145" N="145" Source="images/database.xml">
      <Size Width="204" Height="204" />
    </I>
    <I Id="146" N="146" Source="images/database.xml">
      <Size Width="204" Height="204" />
    </I>
    <I Id="147" N="147" Source="images/database.xml">
      <Size Width="204" Height="204" />
    </I>
    <I Id="148" N="148" Source="images/database.xml">
      <Size Width="204" Height="204" />
    </I>
    <I Id="149" N="149" Source="images/database.xml">
      <Size Width="204" Height="204" />
    </I>
    <I Id="150" N="150" Source="images/database.xml">
      <Size Width="204" Height="204" />
    </I>
    <I Id="151" N="151" Source="images/database.xml">
      <Size Width="204" Height="204" />
    </I>
    <I Id="152" N="152" Source="images/database.xml">
      <Size Width="204" Height="204" />
    </I>
    <I Id="153" N="153" Source="images/database.xml">
      <Size Width="204" Height="204" />
    </I>
    <I Id="154" N="154" Source="images/database.xml">
      <Size Width="204" Height="204" />
    </I>
    <I Id="155" N="155" Source="images/database.xml">
      <Size Width="204" Height="204" />
    </I>
    <I Id="156" N="156" Source="images/database.xml">
      <Size Width="204" Height="204" />
    </I>
    <I Id="157" N="157" Source="images/database.xml">
      <Size Width="204" Height="204" />
    </I>
    <I Id="158" N="158" Source="images/database.xml">
      <Size Width="204" Height="204" />
    </I>
    <I Id="159" N="159" Source="images/database.xml">
      <Size Width="204" Height="204" />
    </I>
    <I Id="160" N="160" Source="images/database.xml">
      <Size Width="204" Height="204" />
    </I>
    <I Id="161" N="161" Source="images/database.xml">
      <Size Width="204" Height="204" />
    </I>
    <I Id="162" N="162" Source="images/database.xml">
      <Size Width="204" Height="204" />
    </I>
    <I Id="163" N="163" Source="images/database.xml">
      <Size Width="204" Height="204" />
    </I>
    <I Id="164" N="164" Source="images/database.xml">
      <Size Width="204" Height="204" />
    </I>
    <I Id="165" N="165" Source="images/database.xml">
      <Size Width="204" Height="204" />
    </I>
    <I Id="166" N="166" Source="images/database.xml">
      <Size Width="204" Height="204" />
    </I>
    <I Id="167" N="167" Source="images/database.xml">
      <Size Width="204" Height="204" />
    </I>
    <I Id="168" N="168" Source="images/database.xml">
      <Size Width="204" Height="204" />
    </I>
    <I Id="169" N="169" Source="images/database.xml">
      <Size Width="204" Height="204" />
    </I>
    <I Id="170" N="170" Source="images/software.xml">
      <Size Width="128" Height="128" />
    </I>
    <I Id="171" N="171" Source="images/software.xml">
      <Size Width="128" Height="128" />
    </I>
    <I Id="172" N="172" Source="images/software.xml">
      <Size Width="128" Height="128" />
    </I>
    <I Id="173" N="173" Source="images/software.xml">
      <Size Width="128" Height="128" />
    </I>
    <I Id="174" N="174" Source="images/Repository.xml">
      <Size Width="255" Height="377" />
    </I>
    <I Id="175" N="175" Source="images/Repository.xml">
      <Size Width="255" Height="377" />
    </I>
    <I Id="176" N="176" Source="images/Repository.xml">
      <Size Width="255" Height="377" />
    </I>
    <I Id="177" N="177" Source="images/Repository.xml">
      <Size Width="255" Height="377" />
    </I>
    <I Id="178" N="178" Source="images/Repository.xml">
      <Size Width="255" Height="377" />
    </I>
    <I Id="179" N="179" Source="images/Repository.xml">
      <Size Width="255" Height="377" />
    </I>
    <I Id="180" N="180" Source="images/Repository.xml">
      <Size Width="255" Height="377" />
    </I>
    <I Id="181" N="181" Source="images/Repository.xml">
      <Size Width="255" Height="377" />
    </I>
    <I Id="182" N="182" Source="images/Repository.xml">
      <Size Width="255" Height="377" />
    </I>
    <I Id="183" N="183" Source="images/Repository.xml">
      <Size Width="255" Height="377" />
    </I>
    <I Id="184" N="184" Source="images/Repository.xml">
      <Size Width="255" Height="377" />
    </I>
    <I Id="185" N="185" Source="images/Repository.xml">
      <Size Width="255" Height="377" />
    </I>
    <I Id="186" N="186" Source="images/Repository.xml">
      <Size Width="255" Height="377" />
    </I>
    <I Id="187" N="187" Source="images/Repository.xml">
      <Size Width="255" Height="377" />
    </I>
    <I Id="188" N="188" Source="images/Repository.xml">
      <Size Width="255" Height="377" />
    </I>
    <I Id="189" N="189" Source="images/Repository.xml">
      <Size Width="255" Height="377" />
    </I>
    <I Id="190" N="190" Source="images/Repository.xml">
      <Size Width="255" Height="377" />
    </I>
    <I Id="191" N="191" Source="images/Repository.xml">
      <Size Width="255" Height="377" />
    </I>
    <I Id="192" N="192" Source="images/Repository.xml">
      <Size Width="255" Height="377" />
    </I>
    <I Id="193" N="193" Source="images/Repository.xml">
      <Size Width="255" Height="377" />
    </I>
    <I Id="194" N="194" Source="images/Repository.xml">
      <Size Width="255" Height="377" />
    </I>
    <I Id="195" N="195" Source="images/Repository.xml">
      <Size Width="255" Height="377" />
    </I>
    <I Id="196" N="196" Source="images/Repository.xml">
      <Size Width="255" Height="377" />
    </I>
    <I Id="197" N="197" Source="images/Repository.xml">
      <Size Width="255" Height="377" />
    </I>
    <I Id="198" N="198" Source="images/Repository.xml">
      <Size Width="255" Height="377" />
    </I>
    <I Id="199" N="199" Source="images/Repository.xml">
      <Size Width="255" Height="377" />
    </I>
    <I Id="200" N="200" Source="images/Repository.xml">
      <Size Width="255" Height="377" />
    </I>
    <I Id="201" N="201" Source="images/Repository.xml">
      <Size Width="255" Height="377" />
    </I>
    <I Id="202" N="202" Source="images/Repository.xml">
      <Size Width="255" Height="377" />
    </I>
    <I Id="203" N="203" Source="images/Repository.xml">
      <Size Width="255" Height="377" />
    </I>
    <I Id="204" N="204" Source="images/Repository.xml">
      <Size Width="255" Height="377" />
    </I>
    <I Id="205" N="205" Source="images/Repository.xml">
      <Size Width="255" Height="377" />
    </I>
    <I Id="206" N="206" Source="images/Repository.xml">
      <Size Width="255" Height="377" />
    </I>
    <I Id="207" N="207" Source="images/Repository.xml">
      <Size Width="255" Height="377" />
    </I>
    <I Id="208" N="208" Source="images/Repository.xml">
      <Size Width="255" Height="377" />
    </I>
    <I Id="209" N="209" Source="images/Repository.xml">
      <Size Width="255" Height="377" />
    </I>
    <I Id="210" N="210" Source="images/Repository.xml">
      <Size Width="255" Height="377" />
    </I>
    <I Id="211" N="211" Source="images/Repository.xml">
      <Size Width="255" Height="377" />
    </I>
    <I Id="212" N="212" Source="images/Repository.xml">
      <Size Width="255" Height="377" />
    </I>
    <I Id="213" N="213" Source="images/Repository.xml">
      <Size Width="255" Height="377" />
    </I>
    <I Id="214" N="214" Source="images/Repository.xml">
      <Size Width="255" Height="377" />
    </I>
    <I Id="215" N="215" Source="images/Repository.xml">
      <Size Width="255" Height="377" />
    </I>
    <I Id="216" N="216" Source="images/Repository.xml">
      <Size Width="255" Height="377" />
    </I>
    <I Id="217" N="217" Source="images/Repository.xml">
      <Size Width="255" Height="377" />
    </I>
    <I Id="218" N="218" Source="images/Repository.xml">
      <Size Width="255" Height="377" />
    </I>
    <I Id="219" N="219" Source="images/Repository.xml">
      <Size Width="255" Height="377" />
    </I>
    <I Id="220" N="220" Source="images/Repository.xml">
      <Size Width="255" Height="377" />
    </I>
    <I Id="221" N="221" Source="images/Repository.xml">
      <Size Width="255" Height="377" />
    </I>
    <I Id="222" N="222" Source="images/Repository.xml">
      <Size Width="255" Height="377" />
    </I>
    <I Id="223" N="223" Source="images/Repository.xml">
      <Size Width="255" Height="377" />
    </I>
    <I Id="224" N="224" Source="images/Repository.xml">
      <Size Width="255" Height="377" />
    </I>
    <I Id="225" N="225" Source="images/Repository.xml">
      <Size Width="255" Height="377" />
    </I>
    <I Id="226" N="226" Source="images/Repository.xml">
      <Size Width="255" Height="377" />
    </I>
    <I Id="227" N="227" Source="images/Repository.xml">
      <Size Width="255" Height="377" />
    </I>
    <I Id="228" N="228" Source="images/Repository.xml">
      <Size Width="255" Height="377" />
    </I>
    <I Id="229" N="229" Source="images/Repository.xml">
      <Size Width="255" Height="377" />
    </I>
    <I Id="230" N="230" Source="images/Repository.xml">
      <Size Width="255" Height="377" />
    </I>
    <I Id="231" N="231" Source="images/Repository.xml">
      <Size Width="255" Height="377" />
    </I>
    <I Id="232" N="232" Source="images/Repository.xml">
      <Size Width="255" Height="377" />
    </I>
    <I Id="233" N="233" Source="images/Repository.xml">
      <Size Width="255" Height="377" />
    </I>
    <I Id="234" N="234" Source="images/Repository.xml">
      <Size Width="255" Height="377" />
    </I>
    <I Id="235" N="235" Source="images/Repository.xml">
      <Size Width="255" Height="377" />
    </I>
    <I Id="236" N="236" Source="images/Repository.xml">
      <Size Width="255" Height="377" />
    </I>
    <I Id="237" N="237" Source="images/Repository.xml">
      <Size Width="255" Height="377" />
    </I>
    <I Id="238" N="238" Source="images/Repository.xml">
      <Size Width="255" Height="377" />
    </I>
    <I Id="239" N="239" Source="images/Repository.xml">
      <Size Width="255" Height="377" />
    </I>
    <I Id="240" N="240" Source="images/Repository.xml">
      <Size Width="255" Height="377" />
    </I>
    <I Id="241" N="241" Source="images/Repository.xml">
      <Size Width="255" Height="377" />
    </I>
    <I Id="242" N="242" Source="images/Repository.xml">
      <Size Width="255" Height="377" />
    </I>
    <I Id="243" N="243" Source="images/Repository.xml">
      <Size Width="255" Height="377" />
    </I>
    <I Id="244" N="244" Source="images/Repository.xml">
      <Size Width="255" Height="377" />
    </I>
    <I Id="245" N="245" Source="images/Repository.xml">
      <Size Width="255" Height="377" />
    </I>
    <I Id="246" N="246" Source="images/Repository.xml">
      <Size Width="255" Height="377" />
    </I>
    <I Id="247" N="247" Source="images/Repository.xml">
      <Size Width="255" Height="377" />
    </I>
    <I Id="248" N="248" Source="images/Repository.xml">
      <Size Width="255" Height="377" />
    </I>
    <I Id="249" N="249" Source="images/Repository.xml">
      <Size Width="255" Height="377" />
    </I>
    <I Id="250" N="250" Source="images/Repository.xml">
      <Size Width="255" Height="377" />
    </I>
    <I Id="251" N="251" Source="images/Repository.xml">
      <Size Width="255" Height="377" />
    </I>
    <I Id="252" N="252" Source="images/Repository.xml">
      <Size Width="255" Height="377" />
    </I>
    <I Id="253" N="253" Source="images/Repository.xml">
      <Size Width="255" Height="377" />
    </I>
    <I Id="254" N="254" Source="images/Repository.xml">
      <Size Width="255" Height="377" />
    </I>
    <I Id="255" N="255" Source="images/Repository.xml">
      <Size Width="255" Height="377" />
    </I>
    <I Id="256" N="256" Source="images/software.xml">
      <Size Width="128" Height="128" />
    </I>
    <I Id="257" N="257" Source="images/software.xml">
      <Size Width="128" Height="128" />
    </I>
    <I Id="258" N="258" Source="images/software.xml">
      <Size Width="128" Height="128" />
    </I>
    <I Id="259" N="259" Source="images/software.xml">
      <Size Width="128" Height="128" />
    </I>
    <I Id="260" N="260" Source="images/software.xml">
      <Size Width="128" Height="128" />
    </I>
    <I Id="261" N="261" Source="images/software.xml">
      <Size Width="128" Height="128" />
    </I>
    <I Id="262" N="262" Source="images/software.xml">
      <Size Width="128" Height="128" />
    </I>
    <I Id="263" N="263" Source="images/software.xml">
      <Size Width="128" Height="128" />
    </I>
    <I Id="264" N="264" Source="images/software.xml">
      <Size Width="128" Height="128" />
    </I>
    <I Id="265" N="265" Source="images/software.xml">
      <Size Width="128" Height="128" />
    </I>
    <I Id="266" N="266" Source="images/software.xml">
      <Size Width="128" Height="128" />
    </I>
    <I Id="267" N="267" Source="images/software.xml">
      <Size Width="128" Height="128" />
    </I>
    <I Id="268" N="268" Source="images/software.xml">
      <Size Width="128" Height="128" />
    </I>
    <I Id="269" N="269" Source="images/software.xml">
      <Size Width="128" Height="128" />
    </I>
    <I Id="270" N="270" Source="images/software.xml">
      <Size Width="128" Height="128" />
    </I>
    <I Id="271" N="271" Source="images/software.xml">
      <Size Width="128" Height="128" />
    </I>
    <I Id="272" N="272" Source="images/software.xml">
      <Size Width="128" Height="128" />
    </I>
    <I Id="273" N="273" Source="images/software.xml">
      <Size Width="128" Height="128" />
    </I>
    <I Id="274" N="274" Source="images/software.xml">
      <Size Width="128" Height="128" />
    </I>
    <I Id="275" N="275" Source="images/software.xml">
      <Size Width="128" Height="128" />
    </I>
    <I Id="276" N="276" Source="images/software.xml">
      <Size Width="128" Height="128" />
    </I>
    <I Id="277" N="277" Source="images/software.xml">
      <Size Width="128" Height="128" />
    </I>
    <I Id="278" N="278" Source="images/software.xml">
      <Size Width="128" Height="128" />
    </I>
    <I Id="279" N="279" Source="images/software.xml">
      <Size Width="128" Height="128" />
    </I>
    <I Id="280" N="280" Source="images/software.xml">
      <Size Width="128" Height="128" />
    </I>
    <I Id="281" N="281" Source="images/software.xml">
      <Size Width="128" Height="128" />
    </I>
    <I Id="282" N="282" Source="images/software.xml">
      <Size Width="128" Height="128" />
    </I>
    <I Id="283" N="283" Source="images/software.xml">
      <Size Width="128" Height="128" />
    </I>
    <I Id="284" N="284" Source="images/software.xml">
      <Size Width="128" Height="128" />
    </I>
    <I Id="285" N="285" Source="images/software.xml">
      <Size Width="128" Height="128" />
    </I>
    <I Id="286" N="286" Source="images/software.xml">
      <Size Width="128" Height="128" />
    </I>
    <I Id="287" N="287" Source="images/software.xml">
      <Size Width="128" Height="128" />
    </I>
    <I Id="288" N="288" Source="images/software.xml">
      <Size Width="128" Height="128" />
    </I>
    <I Id="289" N="289" Source="images/software.xml">
      <Size Width="128" Height="128" />
    </I>
    <I Id="290" N="290" Source="images/software.xml">
      <Size Width="128" Height="128" />
    </I>
    <I Id="291" N="291" Source="images/software.xml">
      <Size Width="128" Height="128" />
    </I>
    <I Id="292" N="292" Source="images/software.xml">
      <Size Width="128" Height="128" />
    </I>
    <I Id="293" N="293" Source="images/software.xml">
      <Size Width="128" Height="128" />
    </I>
    <I Id="294" N="294" Source="images/software.xml">
      <Size Width="128" Height="128" />
    </I>
    <I Id="295" N="295" Source="images/software.xml">
      <Size Width="128" Height="128" />
    </I>
    <I Id="296" N="296" Source="images/software.xml">
      <Size Width="128" Height="128" />
    </I>
    <I Id="297" N="297" Source="images/software.xml">
      <Size Width="128" Height="128" />
    </I>
    <I Id="298" N="298" Source="images/software.xml">
      <Size Width="128" Height="128" />
    </I>
    <I Id="299" N="299" Source="images/software.xml">
      <Size Width="128" Height="128" />
    </I>
    <I Id="300" N="300" Source="images/software.xml">
      <Size Width="128" Height="128" />
    </I>
    <I Id="301" N="301" Source="images/software.xml">
      <Size Width="128" Height="128" />
    </I>
    <I Id="302" N="302" Source="images/software.xml">
      <Size Width="128" Height="128" />
    </I>
    <I Id="303" N="303" Source="images/software.xml">
      <Size Width="128" Height="128" />
    </I>
    <I Id="304" N="304" Source="images/software.xml">
      <Size Width="128" Height="128" />
    </I>
    <I Id="305" N="305" Source="images/software.xml">
      <Size Width="128" Height="128" />
    </I>
    <I Id="306" N="306" Source="images/software.xml">
      <Size Width="128" Height="128" />
    </I>
    <I Id="307" N="307" Source="images/software.xml">
      <Size Width="128" Height="128" />
    </I>
    <I Id="308" N="308" Source="images/software.xml">
      <Size Width="128" Height="128" />
    </I>
    <I Id="309" N="309" Source="images/software.xml">
      <Size Width="128" Height="128" />
    </I>
    <I Id="310" N="310" Source="images/software.xml">
      <Size Width="128" Height="128" />
    </I>
    <I Id="311" N="311" Source="images/software.xml">
      <Size Width="128" Height="128" />
    </I>
    <I Id="312" N="312" Source="images/software.xml">
      <Size Width="128" Height="128" />
    </I>
    <I Id="313" N="313" Source="images/software.xml">
      <Size Width="128" Height="128" />
    </I>
    <I Id="314" N="314" Source="images/software.xml">
      <Size Width="128" Height="128" />
    </I>
    <I Id="315" N="315" Source="images/software.xml">
      <Size Width="128" Height="128" />
    </I>
    <I Id="316" N="316" Source="images/software.xml">
      <Size Width="128" Height="128" />
    </I>
    <I Id="317" N="317" Source="images/software.xml">
      <Size Width="128" Height="128" />
    </I>
    <I Id="318" N="318" Source="images/software.xml">
      <Size Width="128" Height="128" />
    </I>
    <I Id="319" N="319" Source="images/software.xml">
      <Size Width="128" Height="128" />
    </I>
    <I Id="320" N="320" Source="images/software.xml">
      <Size Width="128" Height="128" />
    </I>
    <I Id="321" N="321" Source="images/software.xml">
      <Size Width="128" Height="128" />
    </I>
    <I Id="322" N="322" Source="images/software.xml">
      <Size Width="128" Height="128" />
    </I>
    <I Id="323" N="323" Source="images/software.xml">
      <Size Width="128" Height="128" />
    </I>
    <I Id="324" N="324" Source="images/software.xml">
      <Size Width="128" Height="128" />
    </I>
    <I Id="325" N="325" Source="images/software.xml">
      <Size Width="128" Height="128" />
    </I>
    <I Id="326" N="326" Source="images/software.xml">
      <Size Width="128" Height="128" />
    </I>
    <I Id="327" N="327" Source="images/software.xml">
      <Size Width="128" Height="128" />
    </I>
    <I Id="328" N="328" Source="images/software.xml">
      <Size Width="128" Height="128" />
    </I>
    <I Id="329" N="329" Source="images/software.xml">
      <Size Width="128" Height="128" />
    </I>
    <I Id="330" N="330" Source="images/software.xml">
      <Size Width="128" Height="128" />
    </I>
    <I Id="331" N="331" Source="images/software.xml">
      <Size Width="128" Height="128" />
    </I>
    <I Id="332" N="332" Source="images/software.xml">
      <Size Width="128" Height="128" />
    </I>
    <I Id="333" N="333" Source="images/software.xml">
      <Size Width="128" Height="128" />
    </I>
    <I Id="334" N="334" Source="images/software.xml">
      <Size Width="128" Height="128" />
    </I>
    <I Id="335" N="335" Source="images/software.xml">
      <Size Width="128" Height="128" />
    </I>
    <I Id="336" N="336" Source="images/software.xml">
      <Size Width="128" Height="128" />
    </I>
    <I Id="337" N="337" Source="images/software.xml">
      <Size Width="128" Height="128" />
    </I>
    <I Id="338" N="338" Source="images/software.xml">
      <Size Width="128" Height="128" />
    </I>
    <I Id="339" N="339" Source="images/software.xml">
      <Size Width="128" Height="128" />
    </I>
    <I Id="340" N="340" Source="images/software.xml">
      <Size Width="128" Height="128" />
    </I>
    <I Id="341" N="341" Source="images/software.xml">
      <Size Width="128" Height="128" />
    </I>
    <I Id="342" N="342" Source="images/software.xml">
      <Size Width="128" Height="128" />
    </I>
    <I Id="343" N="343" Source="images/software.xml">
      <Size Width="128" Height="128" />
    </I>
    <I Id="344" N="344" Source="images/software.xml">
      <Size Width="128" Height="128" />
    </I>
    <I Id="345" N="345" Source="images/software.xml">
      <Size Width="128" Height="128" />
    </I>
    <I Id="346" N="346" Source="images/software.xml">
      <Size Width="128" Height="128" />
    </I>
    <I Id="347" N="347" Source="images/software.xml">
      <Size Width="128" Height="128" />
    </I>
    <I Id="348" N="348" Source="images/software.xml">
      <Size Width="128" Height="128" />
    </I>
    <I Id="349" N="349" Source="images/software.xml">
      <Size Width="128" Height="128" />
    </I>
    <I Id="350" N="350" Source="images/software.xml">
      <Size Width="128" Height="128" />
    </I>
    <I Id="351" N="351" Source="images/software.xml">
      <Size Width="128" Height="128" />
    </I>
    <I Id="352" N="352" Source="images/software.xml">
      <Size Width="128" Height="128" />
    </I>
    <I Id="353" N="353" Source="images/software.xml">
      <Size Width="128" Height="128" />
    </I>
    <I Id="354" N="354" Source="images/software.xml">
      <Size Width="128" Height="128" />
    </I>
    <I Id="355" N="355" Source="images/software.xml">
      <Size Width="128" Height="128" />
    </I>
    <I Id="356" N="356" Source="images/software.xml">
      <Size Width="128" Height="128" />
    </I>
    <I Id="357" N="357" Source="images/software.xml">
      <Size Width="128" Height="128" />
    </I>
    <I Id="358" N="358" Source="images/software.xml">
      <Size Width="128" Height="128" />
    </I>
    <I Id="359" N="359" Source="images/software.xml">
      <Size Width="128" Height="128" />
    </I>
    <I Id="360" N="360" Source="images/software.xml">
      <Size Width="128" Height="128" />
    </I>
    <I Id="361" N="361" Source="images/software.xml">
      <Size Width="128" Height="128" />
    </I>
    <I Id="362" N="362" Source="images/software.xml">
      <Size Width="128" Height="128" />
    </I>
    <I Id="363" N="363" Source="images/software.xml">
      <Size Width="128" Height="128" />
    </I>
    <I Id="364" N="364" Source="images/software.xml">
      <Size Width="128" Height="128" />
    </I>
    <I Id="365" N="365" Source="images/software.xml">
      <Size Width="128" Height="128" />
    </I>
    <I Id="366" N="366" Source="images/software.xml">
      <Size Width="128" Height="128" />
    </I>
    <I Id="367" N="367" Source="images/software.xml">
      <Size Width="128" Height="128" />
    </I>
    <I Id="368" N="368" Source="images/software.xml">
      <Size Width="128" Height="128" />
    </I>
    <I Id="369" N="369" Source="images/software.xml">
      <Size Width="128" Height="128" />
    </I>
    <I Id="370" N="370" Source="images/software.xml">
      <Size Width="128" Height="128" />
    </I>
    <I Id="371" N="371" Source="images/software.xml">
      <Size Width="128" Height="128" />
    </I>
    <I Id="372" N="372" Source="images/software.xml">
      <Size Width="128" Height="128" />
    </I>
    <I Id="373" N="373" Source="images/software.xml">
      <Size Width="128" Height="128" />
    </I>
    <I Id="374" N="374" Source="images/software.xml">
      <Size Width="128" Height="128" />
    </I>
    <I Id="375" N="375" Source="images/software.xml">
      <Size Width="128" Height="128" />
    </I>
    <I Id="376" N="376" Source="images/software.xml">
      <Size Width="128" Height="128" />
    </I>
    <I Id="377" N="377" Source="images/software.xml">
      <Size Width="128" Height="128" />
    </I>
    <I Id="378" N="378" Source="images/software.xml">
      <Size Width="128" Height="128" />
    </I>
    <I Id="379" N="379" Source="images/software.xml">
      <Size Width="128" Height="128" />
    </I>
    <I Id="380" N="380" Source="images/software.xml">
      <Size Width="128" Height="128" />
    </I>
    <I Id="381" N="381" Source="images/software.xml">
      <Size Width="128" Height="128" />
    </I>
    <I Id="382" N="382" Source="images/software.xml">
      <Size Width="128" Height="128" />
    </I>
    <I Id="383" N="383" Source="images/software.xml">
      <Size Width="128" Height="128" />
    </I>
    <I Id="384" N="384" Source="images/software.xml">
      <Size Width="128" Height="128" />
    </I>
    <I Id="385" N="385" Source="images/software.xml">
      <Size Width="128" Height="128" />
    </I>
    <I Id="386" N="386" Source="images/software.xml">
      <Size Width="128" Height="128" />
    </I>
    <I Id="387" N="387" Source="images/software.xml">
      <Size Width="128" Height="128" />
    </I>
    <I Id="388" N="388" Source="images/software.xml">
      <Size Width="128" Height="128" />
    </I>
    <I Id="389" N="389" Source="images/software.xml">
      <Size Width="128" Height="128" />
    </I>
    <I Id="390" N="390" Source="images/software.xml">
      <Size Width="128" Height="128" />
    </I>
    <I Id="391" N="391" Source="images/software.xml">
      <Size Width="128" Height="128" />
    </I>
    <I Id="392" N="392" Source="images/software.xml">
      <Size Width="128" Height="128" />
    </I>
    <I Id="393" N="393" Source="images/software.xml">
      <Size Width="128" Height="128" />
    </I>
    <I Id="394" N="394" Source="images/software.xml">
      <Size Width="128" Height="128" />
    </I>
    <I Id="395" N="395" Source="images/software.xml">
      <Size Width="128" Height="128" />
    </I>
    <I Id="396" N="396" Source="images/software.xml">
      <Size Width="128" Height="128" />
    </I>
  </Items>
</Collection>