﻿<?xml version="1.0" encoding="utf-8"?>
<Collection MaxLevel="7" TileSize="256" Format="png" NextItemId="254" ServerFormat="Default" xmlns="http://schemas.microsoft.com/deepzoom/2009">
  <Items>
    <I Id="0" N="0" Source="images/comunity.xml">
      <Size Width="240" Height="164" />
    </I>
    <I Id="1" N="1" Source="images/comunity.xml">
      <Size Width="240" Height="164" />
    </I>
    <I Id="2" N="2" Source="images/comunity.xml">
      <Size Width="240" Height="164" />
    </I>
    <I Id="3" N="3" Source="images/comunity.xml">
      <Size Width="240" Height="164" />
    </I>
    <I Id="4" N="4" Source="images/comunity.xml">
      <Size Width="240" Height="164" />
    </I>
    <I Id="5" N="5" Source="images/comunity.xml">
      <Size Width="240" Height="164" />
    </I>
    <I Id="6" N="6" Source="images/comunity.xml">
      <Size Width="240" Height="164" />
    </I>
    <I Id="7" N="7" Source="images/comunity.xml">
      <Size Width="240" Height="164" />
    </I>
    <I Id="8" N="8" Source="images/comunity.xml">
      <Size Width="240" Height="164" />
    </I>
    <I Id="9" N="9" Source="images/comunity.xml">
      <Size Width="240" Height="164" />
    </I>
    <I Id="10" N="10" Source="images/comunity.xml">
      <Size Width="240" Height="164" />
    </I>
    <I Id="11" N="11" Source="images/comunity.xml">
      <Size Width="240" Height="164" />
    </I>
    <I Id="12" N="12" Source="images/comunity.xml">
      <Size Width="240" Height="164" />
    </I>
    <I Id="13" N="13" Source="images/comunity.xml">
      <Size Width="240" Height="164" />
    </I>
    <I Id="14" N="14" Source="images/comunity.xml">
      <Size Width="240" Height="164" />
    </I>
    <I Id="15" N="15" Source="images/comunity.xml">
      <Size Width="240" Height="164" />
    </I>
    <I Id="16" N="16" Source="images/comunity.xml">
      <Size Width="240" Height="164" />
    </I>
    <I Id="17" N="17" Source="images/comunity.xml">
      <Size Width="240" Height="164" />
    </I>
    <I Id="18" N="18" Source="images/comunity.xml">
      <Size Width="240" Height="164" />
    </I>
    <I Id="19" N="19" Source="../Workshop%20Collection_files/images/Book.xml">
      <Size Width="256" Height="256" />
    </I>
    <I Id="20" N="20" Source="../Workshop%20Collection_files/images/Book.xml">
      <Size Width="256" Height="256" />
    </I>
    <I Id="21" N="21" Source="../Workshop%20Collection_files/images/Book.xml">
      <Size Width="256" Height="256" />
    </I>
    <I Id="22" N="22" Source="../Workshop%20Collection_files/images/Book.xml">
      <Size Width="256" Height="256" />
    </I>
    <I Id="23" N="23" Source="../Workshop%20Collection_files/images/Book.xml">
      <Size Width="256" Height="256" />
    </I>
    <I Id="24" N="24" Source="../Workshop%20Collection_files/images/Book.xml">
      <Size Width="256" Height="256" />
    </I>
    <I Id="25" N="25" Source="../Workshop%20Collection_files/images/Book.xml">
      <Size Width="256" Height="256" />
    </I>
    <I Id="26" N="26" Source="../Workshop%20Collection_files/images/Book.xml">
      <Size Width="256" Height="256" />
    </I>
    <I Id="27" N="27" Source="../Workshop%20Collection_files/images/Book.xml">
      <Size Width="256" Height="256" />
    </I>
    <I Id="28" N="28" Source="../Workshop%20Collection_files/images/Book.xml">
      <Size Width="256" Height="256" />
    </I>
    <I Id="29" N="29" Source="../Workshop%20Collection_files/images/Book.xml">
      <Size Width="256" Height="256" />
    </I>
    <I Id="30" N="30" Source="../Workshop%20Collection_files/images/Book.xml">
      <Size Width="256" Height="256" />
    </I>
    <I Id="31" N="31" Source="../Workshop%20Collection_files/images/Book.xml">
      <Size Width="256" Height="256" />
    </I>
    <I Id="32" N="32" Source="../Workshop%20Collection_files/images/Book.xml">
      <Size Width="256" Height="256" />
    </I>
    <I Id="33" N="33" Source="../Workshop%20Collection_files/images/Book.xml">
      <Size Width="256" Height="256" />
    </I>
    <I Id="34" N="34" Source="../Workshop%20Collection_files/images/Book.xml">
      <Size Width="256" Height="256" />
    </I>
    <I Id="35" N="35" Source="../Workshop%20Collection_files/images/Book.xml">
      <Size Width="256" Height="256" />
    </I>
    <I Id="36" N="36" Source="../Workshop%20Collection_files/images/Book.xml">
      <Size Width="256" Height="256" />
    </I>
    <I Id="37" N="37" Source="../Workshop%20Collection_files/images/Book.xml">
      <Size Width="256" Height="256" />
    </I>
    <I Id="38" N="38" Source="../Workshop%20Collection_files/images/Book.xml">
      <Size Width="256" Height="256" />
    </I>
    <I Id="39" N="39" Source="../Workshop%20Collection_files/images/Book.xml">
      <Size Width="256" Height="256" />
    </I>
    <I Id="40" N="40" Source="../Workshop%20Collection_files/images/Book.xml">
      <Size Width="256" Height="256" />
    </I>
    <I Id="41" N="41" Source="../Workshop%20Collection_files/images/Book.xml">
      <Size Width="256" Height="256" />
    </I>
    <I Id="42" N="42" Source="../Workshop%20Collection_files/images/Book.xml">
      <Size Width="256" Height="256" />
    </I>
    <I Id="43" N="43" Source="../Workshop%20Collection_files/images/Book.xml">
      <Size Width="256" Height="256" />
    </I>
    <I Id="44" N="44" Source="../Workshop%20Collection_files/images/Book.xml">
      <Size Width="256" Height="256" />
    </I>
    <I Id="45" N="45" Source="../Workshop%20Collection_files/images/Book.xml">
      <Size Width="256" Height="256" />
    </I>
    <I Id="46" N="46" Source="../Workshop%20Collection_files/images/Book.xml">
      <Size Width="256" Height="256" />
    </I>
    <I Id="47" N="47" Source="../Workshop%20Collection_files/images/Book.xml">
      <Size Width="256" Height="256" />
    </I>
    <I Id="48" N="48" Source="../Workshop%20Collection_files/images/Book.xml">
      <Size Width="256" Height="256" />
    </I>
    <I Id="49" N="49" Source="../Workshop%20Collection_files/images/Book.xml">
      <Size Width="256" Height="256" />
    </I>
    <I Id="50" N="50" Source="../Workshop%20Collection_files/images/Book.xml">
      <Size Width="256" Height="256" />
    </I>
    <I Id="51" N="51" Source="../Workshop%20Collection_files/images/Book.xml">
      <Size Width="256" Height="256" />
    </I>
    <I Id="52" N="52" Source="../Workshop%20Collection_files/images/Book.xml">
      <Size Width="256" Height="256" />
    </I>
    <I Id="53" N="53" Source="../Workshop%20Collection_files/images/Book.xml">
      <Size Width="256" Height="256" />
    </I>
    <I Id="54" N="54" Source="../Workshop%20Collection_files/images/Book.xml">
      <Size Width="256" Height="256" />
    </I>
    <I Id="55" N="55" Source="../Workshop%20Collection_files/images/Book.xml">
      <Size Width="256" Height="256" />
    </I>
    <I Id="56" N="56" Source="../Workshop%20Collection_files/images/Book.xml">
      <Size Width="256" Height="256" />
    </I>
    <I Id="57" N="57" Source="../Workshop%20Collection_files/images/Book.xml">
      <Size Width="256" Height="256" />
    </I>
    <I Id="58" N="58" Source="../Workshop%20Collection_files/images/Book.xml">
      <Size Width="256" Height="256" />
    </I>
    <I Id="59" N="59" Source="../Workshop%20Collection_files/images/Book.xml">
      <Size Width="256" Height="256" />
    </I>
    <I Id="60" N="60" Source="../Workshop%20Collection_files/images/Book.xml">
      <Size Width="256" Height="256" />
    </I>
    <I Id="61" N="61" Source="../Workshop%20Collection_files/images/Book.xml">
      <Size Width="256" Height="256" />
    </I>
    <I Id="62" N="62" Source="../Workshop%20Collection_files/images/Book.xml">
      <Size Width="256" Height="256" />
    </I>
    <I Id="63" N="63" Source="../Workshop%20Collection_files/images/Book.xml">
      <Size Width="256" Height="256" />
    </I>
    <I Id="64" N="64" Source="../Workshop%20Collection_files/images/Book.xml">
      <Size Width="256" Height="256" />
    </I>
    <I Id="65" N="65" Source="../Workshop%20Collection_files/images/Book.xml">
      <Size Width="256" Height="256" />
    </I>
    <I Id="66" N="66" Source="../Workshop%20Collection_files/images/Book.xml">
      <Size Width="256" Height="256" />
    </I>
    <I Id="67" N="67" Source="../Workshop%20Collection_files/images/Book.xml">
      <Size Width="256" Height="256" />
    </I>
    <I Id="68" N="68" Source="../Workshop%20Collection_files/images/Book.xml">
      <Size Width="256" Height="256" />
    </I>
    <I Id="69" N="69" Source="../Workshop%20Collection_files/images/Book.xml">
      <Size Width="256" Height="256" />
    </I>
    <I Id="70" N="70" Source="../Workshop%20Collection_files/images/Book.xml">
      <Size Width="256" Height="256" />
    </I>
    <I Id="71" N="71" Source="../Workshop%20Collection_files/images/Book.xml">
      <Size Width="256" Height="256" />
    </I>
    <I Id="72" N="72" Source="../Workshop%20Collection_files/images/Book.xml">
      <Size Width="256" Height="256" />
    </I>
    <I Id="73" N="73" Source="../Workshop%20Collection_files/images/Book.xml">
      <Size Width="256" Height="256" />
    </I>
    <I Id="74" N="74" Source="../Workshop%20Collection_files/images/Book.xml">
      <Size Width="256" Height="256" />
    </I>
    <I Id="75" N="75" Source="../Workshop%20Collection_files/images/Book.xml">
      <Size Width="256" Height="256" />
    </I>
    <I Id="76" N="76" Source="../Workshop%20Collection_files/images/Book.xml">
      <Size Width="256" Height="256" />
    </I>
    <I Id="77" N="77" Source="../Workshop%20Collection_files/images/Book.xml">
      <Size Width="256" Height="256" />
    </I>
    <I Id="78" N="78" Source="../Workshop%20Collection_files/images/Book.xml">
      <Size Width="256" Height="256" />
    </I>
    <I Id="79" N="79" Source="../Workshop%20Collection_files/images/Book.xml">
      <Size Width="256" Height="256" />
    </I>
    <I Id="80" N="80" Source="../Workshop%20Collection_files/images/Book.xml">
      <Size Width="256" Height="256" />
    </I>
    <I Id="81" N="81" Source="../Workshop%20Collection_files/images/Book.xml">
      <Size Width="256" Height="256" />
    </I>
    <I Id="82" N="82" Source="../Workshop%20Collection_files/images/Book.xml">
      <Size Width="256" Height="256" />
    </I>
    <I Id="83" N="83" Source="../Workshop%20Collection_files/images/Book.xml">
      <Size Width="256" Height="256" />
    </I>
    <I Id="84" N="84" Source="../Workshop%20Collection_files/images/Book.xml">
      <Size Width="256" Height="256" />
    </I>
    <I Id="85" N="85" Source="../Workshop%20Collection_files/images/Book.xml">
      <Size Width="256" Height="256" />
    </I>
    <I Id="86" N="86" Source="../Workshop%20Collection_files/images/Book.xml">
      <Size Width="256" Height="256" />
    </I>
    <I Id="87" N="87" Source="../Workshop%20Collection_files/images/Book.xml">
      <Size Width="256" Height="256" />
    </I>
    <I Id="88" N="88" Source="../Workshop%20Collection_files/images/Book.xml">
      <Size Width="256" Height="256" />
    </I>
    <I Id="89" N="89" Source="../Workshop%20Collection_files/images/Book.xml">
      <Size Width="256" Height="256" />
    </I>
    <I Id="90" N="90" Source="../Workshop%20Collection_files/images/Book.xml">
      <Size Width="256" Height="256" />
    </I>
    <I Id="91" N="91" Source="../Workshop%20Collection_files/images/Book.xml">
      <Size Width="256" Height="256" />
    </I>
    <I Id="92" N="92" Source="../Workshop%20Collection_files/images/Book.xml">
      <Size Width="256" Height="256" />
    </I>
    <I Id="93" N="93" Source="../Workshop%20Collection_files/images/Book.xml">
      <Size Width="256" Height="256" />
    </I>
    <I Id="94" N="94" Source="../Workshop%20Collection_files/images/Book.xml">
      <Size Width="256" Height="256" />
    </I>
    <I Id="95" N="95" Source="../Workshop%20Collection_files/images/Book.xml">
      <Size Width="256" Height="256" />
    </I>
    <I Id="96" N="96" Source="../Workshop%20Collection_files/images/Book.xml">
      <Size Width="256" Height="256" />
    </I>
    <I Id="97" N="97" Source="../Workshop%20Collection_files/images/Book.xml">
      <Size Width="256" Height="256" />
    </I>
    <I Id="98" N="98" Source="../Workshop%20Collection_files/images/Book.xml">
      <Size Width="256" Height="256" />
    </I>
    <I Id="99" N="99" Source="../Workshop%20Collection_files/images/Book.xml">
      <Size Width="256" Height="256" />
    </I>
    <I Id="100" N="100" Source="../Workshop%20Collection_files/images/Book.xml">
      <Size Width="256" Height="256" />
    </I>
    <I Id="101" N="101" Source="../Workshop%20Collection_files/images/Book.xml">
      <Size Width="256" Height="256" />
    </I>
    <I Id="102" N="102" Source="../Workshop%20Collection_files/images/Book.xml">
      <Size Width="256" Height="256" />
    </I>
    <I Id="103" N="103" Source="../Workshop%20Collection_files/images/Book.xml">
      <Size Width="256" Height="256" />
    </I>
    <I Id="104" N="104" Source="../Workshop%20Collection_files/images/Book.xml">
      <Size Width="256" Height="256" />
    </I>
    <I Id="105" N="105" Source="../Workshop%20Collection_files/images/Book.xml">
      <Size Width="256" Height="256" />
    </I>
    <I Id="106" N="106" Source="../Workshop%20Collection_files/images/Book.xml">
      <Size Width="256" Height="256" />
    </I>
    <I Id="107" N="107" Source="../Workshop%20Collection_files/images/Book.xml">
      <Size Width="256" Height="256" />
    </I>
    <I Id="108" N="108" Source="../Workshop%20Collection_files/images/Book.xml">
      <Size Width="256" Height="256" />
    </I>
    <I Id="109" N="109" Source="../Workshop%20Collection_files/images/Book.xml">
      <Size Width="256" Height="256" />
    </I>
    <I Id="110" N="110" Source="../Workshop%20Collection_files/images/Book.xml">
      <Size Width="256" Height="256" />
    </I>
    <I Id="111" N="111" Source="../Workshop%20Collection_files/images/Book.xml">
      <Size Width="256" Height="256" />
    </I>
    <I Id="112" N="112" Source="../Workshop%20Collection_files/images/Book.xml">
      <Size Width="256" Height="256" />
    </I>
    <I Id="113" N="113" Source="../Workshop%20Collection_files/images/Book.xml">
      <Size Width="256" Height="256" />
    </I>
    <I Id="114" N="114" Source="../Workshop%20Collection_files/images/Book.xml">
      <Size Width="256" Height="256" />
    </I>
    <I Id="115" N="115" Source="../Workshop%20Collection_files/images/Book.xml">
      <Size Width="256" Height="256" />
    </I>
    <I Id="116" N="116" Source="../Workshop%20Collection_files/images/Book.xml">
      <Size Width="256" Height="256" />
    </I>
    <I Id="117" N="117" Source="../Workshop%20Collection_files/images/Book.xml">
      <Size Width="256" Height="256" />
    </I>
    <I Id="118" N="118" Source="../Workshop%20Collection_files/images/Book.xml">
      <Size Width="256" Height="256" />
    </I>
    <I Id="119" N="119" Source="../Workshop%20Collection_files/images/Book.xml">
      <Size Width="256" Height="256" />
    </I>
    <I Id="120" N="120" Source="../Workshop%20Collection_files/images/Book.xml">
      <Size Width="256" Height="256" />
    </I>
    <I Id="121" N="121" Source="../Workshop%20Collection_files/images/Book.xml">
      <Size Width="256" Height="256" />
    </I>
    <I Id="122" N="122" Source="../Workshop%20Collection_files/images/Book.xml">
      <Size Width="256" Height="256" />
    </I>
    <I Id="123" N="123" Source="../Workshop%20Collection_files/images/Book.xml">
      <Size Width="256" Height="256" />
    </I>
    <I Id="124" N="124" Source="../Workshop%20Collection_files/images/Book.xml">
      <Size Width="256" Height="256" />
    </I>
    <I Id="125" N="125" Source="../Workshop%20Collection_files/images/Book.xml">
      <Size Width="256" Height="256" />
    </I>
    <I Id="126" N="126" Source="../Workshop%20Collection_files/images/Book.xml">
      <Size Width="256" Height="256" />
    </I>
    <I Id="127" N="127" Source="../Workshop%20Collection_files/images/Book.xml">
      <Size Width="256" Height="256" />
    </I>
    <I Id="128" N="128" Source="../Workshop%20Collection_files/images/Book.xml">
      <Size Width="256" Height="256" />
    </I>
    <I Id="129" N="129" Source="../Workshop%20Collection_files/images/Book.xml">
      <Size Width="256" Height="256" />
    </I>
    <I Id="130" N="130" Source="../Workshop%20Collection_files/images/Book.xml">
      <Size Width="256" Height="256" />
    </I>
    <I Id="131" N="131" Source="../Workshop%20Collection_files/images/Book.xml">
      <Size Width="256" Height="256" />
    </I>
    <I Id="132" N="132" Source="../Workshop%20Collection_files/images/Book.xml">
      <Size Width="256" Height="256" />
    </I>
    <I Id="133" N="133" Source="../Workshop%20Collection_files/images/Book.xml">
      <Size Width="256" Height="256" />
    </I>
    <I Id="134" N="134" Source="../Workshop%20Collection_files/images/Book.xml">
      <Size Width="256" Height="256" />
    </I>
    <I Id="135" N="135" Source="../Workshop%20Collection_files/images/Book.xml">
      <Size Width="256" Height="256" />
    </I>
    <I Id="136" N="136" Source="../Workshop%20Collection_files/images/Book.xml">
      <Size Width="256" Height="256" />
    </I>
    <I Id="137" N="137" Source="../Workshop%20Collection_files/images/Book.xml">
      <Size Width="256" Height="256" />
    </I>
    <I Id="138" N="138" Source="../Workshop%20Collection_files/images/Book.xml">
      <Size Width="256" Height="256" />
    </I>
    <I Id="139" N="139" Source="../Workshop%20Collection_files/images/Book.xml">
      <Size Width="256" Height="256" />
    </I>
    <I Id="140" N="140" Source="../Workshop%20Collection_files/images/Book.xml">
      <Size Width="256" Height="256" />
    </I>
    <I Id="141" N="141" Source="../Workshop%20Collection_files/images/Book.xml">
      <Size Width="256" Height="256" />
    </I>
    <I Id="142" N="142" Source="../Workshop%20Collection_files/images/Book.xml">
      <Size Width="256" Height="256" />
    </I>
    <I Id="143" N="143" Source="../Workshop%20Collection_files/images/Book.xml">
      <Size Width="256" Height="256" />
    </I>
    <I Id="144" N="144" Source="../Workshop%20Collection_files/images/Book.xml">
      <Size Width="256" Height="256" />
    </I>
    <I Id="145" N="145" Source="../Workshop%20Collection_files/images/Book.xml">
      <Size Width="256" Height="256" />
    </I>
    <I Id="146" N="146" Source="../Workshop%20Collection_files/images/Book.xml">
      <Size Width="256" Height="256" />
    </I>
    <I Id="147" N="147" Source="../Workshop%20Collection_files/images/Book.xml">
      <Size Width="256" Height="256" />
    </I>
    <I Id="148" N="148" Source="../Workshop%20Collection_files/images/Book.xml">
      <Size Width="256" Height="256" />
    </I>
    <I Id="149" N="149" Source="../Workshop%20Collection_files/images/Book.xml">
      <Size Width="256" Height="256" />
    </I>
    <I Id="150" N="150" Source="../Workshop%20Collection_files/images/Book.xml">
      <Size Width="256" Height="256" />
    </I>
    <I Id="151" N="151" Source="../Workshop%20Collection_files/images/Book.xml">
      <Size Width="256" Height="256" />
    </I>
    <I Id="152" N="152" Source="../Workshop%20Collection_files/images/Book.xml">
      <Size Width="256" Height="256" />
    </I>
    <I Id="153" N="153" Source="../Workshop%20Collection_files/images/Book.xml">
      <Size Width="256" Height="256" />
    </I>
    <I Id="154" N="154" Source="../Workshop%20Collection_files/images/Book.xml">
      <Size Width="256" Height="256" />
    </I>
    <I Id="155" N="155" Source="images/comunity.xml">
      <Size Width="240" Height="164" />
    </I>
    <I Id="156" N="156" Source="images/comunity.xml">
      <Size Width="240" Height="164" />
    </I>
    <I Id="157" N="157" Source="images/comunity.xml">
      <Size Width="240" Height="164" />
    </I>
    <I Id="158" N="158" Source="images/infomrationModel.xml">
      <Size Width="107" Height="90" />
    </I>
    <I Id="159" N="159" Source="images/infomrationModel.xml">
      <Size Width="107" Height="90" />
    </I>
    <I Id="160" N="160" Source="images/infomrationModel.xml">
      <Size Width="107" Height="90" />
    </I>
    <I Id="161" N="161" Source="images/infomrationModel.xml">
      <Size Width="107" Height="90" />
    </I>
    <I Id="162" N="162" Source="images/infomrationModel.xml">
      <Size Width="107" Height="90" />
    </I>
    <I Id="163" N="163" Source="images/infomrationModel.xml">
      <Size Width="107" Height="90" />
    </I>
    <I Id="164" N="164" Source="images/infomrationModel.xml">
      <Size Width="107" Height="90" />
    </I>
    <I Id="165" N="165" Source="images/infomrationModel.xml">
      <Size Width="107" Height="90" />
    </I>
    <I Id="166" N="166" Source="images/infomrationModel.xml">
      <Size Width="107" Height="90" />
    </I>
    <I Id="167" N="167" Source="images/infomrationModel.xml">
      <Size Width="107" Height="90" />
    </I>
    <I Id="168" N="168" Source="images/infomrationModel.xml">
      <Size Width="107" Height="90" />
    </I>
    <I Id="169" N="169" Source="images/infomrationModel.xml">
      <Size Width="107" Height="90" />
    </I>
    <I Id="170" N="170" Source="images/infomrationModel.xml">
      <Size Width="107" Height="90" />
    </I>
    <I Id="171" N="171" Source="../Workshop%20Collection_files/images/Book.xml">
      <Size Width="256" Height="256" />
    </I>
    <I Id="172" N="172" Source="../Workshop%20Collection_files/images/Book.xml">
      <Size Width="256" Height="256" />
    </I>
    <I Id="173" N="173" Source="../Workshop%20Collection_files/images/Book.xml">
      <Size Width="256" Height="256" />
    </I>
    <I Id="174" N="174" Source="../Workshop%20Collection_files/images/Book.xml">
      <Size Width="256" Height="256" />
    </I>
    <I Id="175" N="175" Source="../Workshop%20Collection_files/images/Book.xml">
      <Size Width="256" Height="256" />
    </I>
    <I Id="176" N="176" Source="../Workshop%20Collection_files/images/Book.xml">
      <Size Width="256" Height="256" />
    </I>
    <I Id="177" N="177" Source="../Workshop%20Collection_files/images/Book.xml">
      <Size Width="256" Height="256" />
    </I>
    <I Id="178" N="178" Source="../Workshop%20Collection_files/images/Book.xml">
      <Size Width="256" Height="256" />
    </I>
    <I Id="179" N="179" Source="../Workshop%20Collection_files/images/Book.xml">
      <Size Width="256" Height="256" />
    </I>
    <I Id="180" N="180" Source="../Workshop%20Collection_files/images/Book.xml">
      <Size Width="256" Height="256" />
    </I>
    <I Id="181" N="181" Source="images/dataservice.xml">
      <Size Width="570" Height="406" />
    </I>
    <I Id="182" N="182" Source="images/dataservice.xml">
      <Size Width="570" Height="406" />
    </I>
    <I Id="183" N="183" Source="images/dataservice.xml">
      <Size Width="570" Height="406" />
    </I>
    <I Id="184" N="184" Source="images/dataservice.xml">
      <Size Width="570" Height="406" />
    </I>
    <I Id="185" N="185" Source="images/dataservice.xml">
      <Size Width="570" Height="406" />
    </I>
    <I Id="186" N="186" Source="images/dataservice.xml">
      <Size Width="570" Height="406" />
    </I>
    <I Id="187" N="187" Source="images/dataservice.xml">
      <Size Width="570" Height="406" />
    </I>
    <I Id="188" N="188" Source="images/dataservice.xml">
      <Size Width="570" Height="406" />
    </I>
    <I Id="189" N="189" Source="images/dataservice.xml">
      <Size Width="570" Height="406" />
    </I>
    <I Id="190" N="190" Source="images/dataservice.xml">
      <Size Width="570" Height="406" />
    </I>
    <I Id="191" N="191" Source="images/dataservice.xml">
      <Size Width="570" Height="406" />
    </I>
    <I Id="192" N="192" Source="images/dataservice.xml">
      <Size Width="570" Height="406" />
    </I>
    <I Id="193" N="193" Source="images/dataservice.xml">
      <Size Width="570" Height="406" />
    </I>
    <I Id="194" N="194" Source="images/dataservice.xml">
      <Size Width="570" Height="406" />
    </I>
    <I Id="195" N="195" Source="images/dataservice.xml">
      <Size Width="570" Height="406" />
    </I>
    <I Id="196" N="196" Source="images/dataservice.xml">
      <Size Width="570" Height="406" />
    </I>
    <I Id="197" N="197" Source="images/dataservice.xml">
      <Size Width="570" Height="406" />
    </I>
    <I Id="198" N="198" Source="images/dataservice.xml">
      <Size Width="570" Height="406" />
    </I>
    <I Id="199" N="199" Source="images/dataservice.xml">
      <Size Width="570" Height="406" />
    </I>
    <I Id="200" N="200" Source="images/dataservice.xml">
      <Size Width="570" Height="406" />
    </I>
    <I Id="201" N="201" Source="images/dataservice.xml">
      <Size Width="570" Height="406" />
    </I>
    <I Id="202" N="202" Source="images/dataservice.xml">
      <Size Width="570" Height="406" />
    </I>
    <I Id="203" N="203" Source="images/dataservice.xml">
      <Size Width="570" Height="406" />
    </I>
    <I Id="204" N="204" Source="images/dataservice.xml">
      <Size Width="570" Height="406" />
    </I>
    <I Id="205" N="205" Source="images/dataservice.xml">
      <Size Width="570" Height="406" />
    </I>
    <I Id="206" N="206" Source="images/dataservice.xml">
      <Size Width="570" Height="406" />
    </I>
    <I Id="207" N="207" Source="images/dataservice.xml">
      <Size Width="570" Height="406" />
    </I>
    <I Id="208" N="208" Source="images/dataservice.xml">
      <Size Width="570" Height="406" />
    </I>
    <I Id="209" N="209" Source="images/dataservice.xml">
      <Size Width="570" Height="406" />
    </I>
    <I Id="210" N="210" Source="images/dataservice.xml">
      <Size Width="570" Height="406" />
    </I>
    <I Id="211" N="211" Source="images/dataservice.xml">
      <Size Width="570" Height="406" />
    </I>
    <I Id="212" N="212" Source="images/dataservice.xml">
      <Size Width="570" Height="406" />
    </I>
    <I Id="213" N="213" Source="images/dataservice.xml">
      <Size Width="570" Height="406" />
    </I>
    <I Id="214" N="214" Source="images/dataservice.xml">
      <Size Width="570" Height="406" />
    </I>
    <I Id="215" N="215" Source="images/dataservice.xml">
      <Size Width="570" Height="406" />
    </I>
    <I Id="216" N="216" Source="images/dataservice.xml">
      <Size Width="570" Height="406" />
    </I>
    <I Id="217" N="217" Source="images/dataservice.xml">
      <Size Width="570" Height="406" />
    </I>
    <I Id="218" N="218" Source="images/dataservice.xml">
      <Size Width="570" Height="406" />
    </I>
    <I Id="219" N="219" Source="images/dataservice.xml">
      <Size Width="570" Height="406" />
    </I>
    <I Id="220" N="220" Source="images/dataservice.xml">
      <Size Width="570" Height="406" />
    </I>
    <I Id="221" N="221" Source="images/dataservice.xml">
      <Size Width="570" Height="406" />
    </I>
    <I Id="222" N="222" Source="images/dataservice.xml">
      <Size Width="570" Height="406" />
    </I>
    <I Id="223" N="223" Source="images/dataservice.xml">
      <Size Width="570" Height="406" />
    </I>
    <I Id="224" N="224" Source="images/dataservice.xml">
      <Size Width="570" Height="406" />
    </I>
    <I Id="225" N="225" Source="images/dataservice.xml">
      <Size Width="570" Height="406" />
    </I>
    <I Id="226" N="226" Source="images/dataservice.xml">
      <Size Width="570" Height="406" />
    </I>
    <I Id="227" N="227" Source="images/dataservice.xml">
      <Size Width="570" Height="406" />
    </I>
    <I Id="228" N="228" Source="images/dataservice.xml">
      <Size Width="570" Height="406" />
    </I>
    <I Id="229" N="229" Source="images/dataservice.xml">
      <Size Width="570" Height="406" />
    </I>
    <I Id="230" N="230" Source="images/dataservice.xml">
      <Size Width="570" Height="406" />
    </I>
    <I Id="231" N="231" Source="images/dataservice.xml">
      <Size Width="570" Height="406" />
    </I>
    <I Id="232" N="232" Source="images/dataservice.xml">
      <Size Width="570" Height="406" />
    </I>
    <I Id="233" N="233" Source="images/dataservice.xml">
      <Size Width="570" Height="406" />
    </I>
    <I Id="234" N="234" Source="images/dataservice.xml">
      <Size Width="570" Height="406" />
    </I>
    <I Id="235" N="235" Source="images/dataservice.xml">
      <Size Width="570" Height="406" />
    </I>
    <I Id="236" N="236" Source="images/dataservice.xml">
      <Size Width="570" Height="406" />
    </I>
    <I Id="237" N="237" Source="images/dataservice.xml">
      <Size Width="570" Height="406" />
    </I>
    <I Id="238" N="238" Source="../Workshop%20Collection_files/images/software.xml">
      <Size Width="128" Height="128" />
    </I>
    <I Id="239" N="239" Source="../Workshop%20Collection_files/images/software.xml">
      <Size Width="128" Height="128" />
    </I>
    <I Id="240" N="240" Source="../Workshop%20Collection_files/images/software.xml">
      <Size Width="128" Height="128" />
    </I>
    <I Id="241" N="241" Source="../Workshop%20Collection_files/images/software.xml">
      <Size Width="128" Height="128" />
    </I>
    <I Id="242" N="242" Source="../Workshop%20Collection_files/images/software.xml">
      <Size Width="128" Height="128" />
    </I>
    <I Id="243" N="243" Source="../Workshop%20Collection_files/images/software.xml">
      <Size Width="128" Height="128" />
    </I>
    <I Id="244" N="244" Source="../Workshop%20Collection_files/images/software.xml">
      <Size Width="128" Height="128" />
    </I>
    <I Id="245" N="245" Source="../Workshop%20Collection_files/images/software.xml">
      <Size Width="128" Height="128" />
    </I>
    <I Id="246" N="246" Source="../Workshop%20Collection_files/images/software.xml">
      <Size Width="128" Height="128" />
    </I>
    <I Id="247" N="247" Source="../Workshop%20Collection_files/images/software.xml">
      <Size Width="128" Height="128" />
    </I>
    <I Id="248" N="248" Source="../Workshop%20Collection_files/images/software.xml">
      <Size Width="128" Height="128" />
    </I>
    <I Id="249" N="249" Source="../Workshop%20Collection_files/images/software.xml">
      <Size Width="128" Height="128" />
    </I>
    <I Id="250" N="250" Source="images/database.xml">
      <Size Width="204" Height="204" />
    </I>
    <I Id="251" N="251" Source="images/database.xml">
      <Size Width="204" Height="204" />
    </I>
    <I Id="252" N="252" Source="images/database.xml">
      <Size Width="204" Height="204" />
    </I>
    <I Id="253" N="253" Source="images/database.xml">
      <Size Width="204" Height="204" />
    </I>
  </Items>
</Collection>