﻿<?xml version="1.0" encoding="utf-8"?>
<Collection MaxLevel="7" TileSize="256" Format="png" NextItemId="115" ServerFormat="Default" xmlns="http://schemas.microsoft.com/deepzoom/2009">
  <Items>
    <I Id="0" N="0" Source="images/tool-icon.xml">
      <Size Width="250" Height="249" />
    </I>
    <I Id="1" N="1" Source="images/dataservice.xml">
      <Size Width="570" Height="406" />
    </I>
    <I Id="2" N="2" Source="images/icon_catalog.xml">
      <Size Width="180" Height="200" />
    </I>
    <I Id="3" N="3" Source="images/icon_catalog.xml">
      <Size Width="180" Height="200" />
    </I>
    <I Id="4" N="4" Source="images/Book.xml">
      <Size Width="256" Height="256" />
    </I>
    <I Id="5" N="5" Source="images/Book.xml">
      <Size Width="256" Height="256" />
    </I>
    <I Id="6" N="6" Source="images/Book.xml">
      <Size Width="256" Height="256" />
    </I>
    <I Id="7" N="7" Source="images/Book.xml">
      <Size Width="256" Height="256" />
    </I>
    <I Id="8" N="8" Source="images/Book.xml">
      <Size Width="256" Height="256" />
    </I>
    <I Id="9" N="9" Source="images/Book.xml">
      <Size Width="256" Height="256" />
    </I>
    <I Id="10" N="10" Source="images/Book.xml">
      <Size Width="256" Height="256" />
    </I>
    <I Id="11" N="11" Source="images/Book.xml">
      <Size Width="256" Height="256" />
    </I>
    <I Id="12" N="12" Source="images/Book.xml">
      <Size Width="256" Height="256" />
    </I>
    <I Id="13" N="13" Source="images/Book.xml">
      <Size Width="256" Height="256" />
    </I>
    <I Id="14" N="14" Source="images/icon_catalog.xml">
      <Size Width="180" Height="200" />
    </I>
    <I Id="15" N="15" Source="images/comunity.xml">
      <Size Width="240" Height="164" />
    </I>
    <I Id="16" N="16" Source="images/comunity.xml">
      <Size Width="240" Height="164" />
    </I>
    <I Id="17" N="17" Source="images/comunity.xml">
      <Size Width="240" Height="164" />
    </I>
    <I Id="18" N="18" Source="images/comunity.xml">
      <Size Width="240" Height="164" />
    </I>
    <I Id="19" N="19" Source="images/comunity.xml">
      <Size Width="240" Height="164" />
    </I>
    <I Id="20" N="20" Source="images/comunity.xml">
      <Size Width="240" Height="164" />
    </I>
    <I Id="21" N="21" Source="images/Book.xml">
      <Size Width="256" Height="256" />
    </I>
    <I Id="22" N="22" Source="images/Book.xml">
      <Size Width="256" Height="256" />
    </I>
    <I Id="23" N="23" Source="images/Book.xml">
      <Size Width="256" Height="256" />
    </I>
    <I Id="24" N="24" Source="images/Book.xml">
      <Size Width="256" Height="256" />
    </I>
    <I Id="25" N="25" Source="images/Book.xml">
      <Size Width="256" Height="256" />
    </I>
    <I Id="26" N="26" Source="images/Book.xml">
      <Size Width="256" Height="256" />
    </I>
    <I Id="27" N="27" Source="images/Book.xml">
      <Size Width="256" Height="256" />
    </I>
    <I Id="28" N="28" Source="images/Book.xml">
      <Size Width="256" Height="256" />
    </I>
    <I Id="29" N="29" Source="images/Book.xml">
      <Size Width="256" Height="256" />
    </I>
    <I Id="30" N="30" Source="images/Book.xml">
      <Size Width="256" Height="256" />
    </I>
    <I Id="31" N="31" Source="images/Book.xml">
      <Size Width="256" Height="256" />
    </I>
    <I Id="32" N="32" Source="images/Book.xml">
      <Size Width="256" Height="256" />
    </I>
    <I Id="33" N="33" Source="images/Book.xml">
      <Size Width="256" Height="256" />
    </I>
    <I Id="34" N="34" Source="images/Book.xml">
      <Size Width="256" Height="256" />
    </I>
    <I Id="35" N="35" Source="images/Book.xml">
      <Size Width="256" Height="256" />
    </I>
    <I Id="36" N="36" Source="images/Book.xml">
      <Size Width="256" Height="256" />
    </I>
    <I Id="37" N="37" Source="images/Book.xml">
      <Size Width="256" Height="256" />
    </I>
    <I Id="38" N="38" Source="images/Book.xml">
      <Size Width="256" Height="256" />
    </I>
    <I Id="39" N="39" Source="images/Book.xml">
      <Size Width="256" Height="256" />
    </I>
    <I Id="40" N="40" Source="images/Book.xml">
      <Size Width="256" Height="256" />
    </I>
    <I Id="41" N="41" Source="images/Book.xml">
      <Size Width="256" Height="256" />
    </I>
    <I Id="42" N="42" Source="images/Book.xml">
      <Size Width="256" Height="256" />
    </I>
    <I Id="43" N="43" Source="images/Repository.xml">
      <Size Width="255" Height="377" />
    </I>
    <I Id="44" N="44" Source="images/Repository.xml">
      <Size Width="255" Height="377" />
    </I>
    <I Id="45" N="45" Source="images/comunity.xml">
      <Size Width="240" Height="164" />
    </I>
    <I Id="46" N="46" Source="images/webclient.xml">
      <Size Width="256" Height="256" />
    </I>
    <I Id="47" N="47" Source="images/comunity.xml">
      <Size Width="240" Height="164" />
    </I>
    <I Id="48" N="48" Source="images/comunity.xml">
      <Size Width="240" Height="164" />
    </I>
    <I Id="49" N="49" Source="images/comunity.xml">
      <Size Width="240" Height="164" />
    </I>
    <I Id="50" N="50" Source="images/comunity.xml">
      <Size Width="240" Height="164" />
    </I>
    <I Id="51" N="51" Source="images/comunity.xml">
      <Size Width="240" Height="164" />
    </I>
    <I Id="52" N="52" Source="images/comunity.xml">
      <Size Width="240" Height="164" />
    </I>
    <I Id="53" N="53" Source="images/webclient.xml">
      <Size Width="256" Height="256" />
    </I>
    <I Id="54" N="54" Source="images/comunity.xml">
      <Size Width="240" Height="164" />
    </I>
    <I Id="55" N="55" Source="images/comunity.xml">
      <Size Width="240" Height="164" />
    </I>
    <I Id="56" N="56" Source="images/comunity.xml">
      <Size Width="240" Height="164" />
    </I>
    <I Id="57" N="57" Source="images/Book.xml">
      <Size Width="256" Height="256" />
    </I>
    <I Id="58" N="58" Source="images/Book.xml">
      <Size Width="256" Height="256" />
    </I>
    <I Id="59" N="59" Source="images/comunity.xml">
      <Size Width="240" Height="164" />
    </I>
    <I Id="60" N="60" Source="images/comunity.xml">
      <Size Width="240" Height="164" />
    </I>
    <I Id="61" N="61" Source="images/comunity.xml">
      <Size Width="240" Height="164" />
    </I>
    <I Id="62" N="62" Source="images/comunity.xml">
      <Size Width="240" Height="164" />
    </I>
    <I Id="63" N="63" Source="images/comunity.xml">
      <Size Width="240" Height="164" />
    </I>
    <I Id="64" N="64" Source="images/comunity.xml">
      <Size Width="240" Height="164" />
    </I>
    <I Id="65" N="65" Source="images/comunity.xml">
      <Size Width="240" Height="164" />
    </I>
    <I Id="66" N="66" Source="images/comunity.xml">
      <Size Width="240" Height="164" />
    </I>
    <I Id="67" N="67" Source="images/comunity.xml">
      <Size Width="240" Height="164" />
    </I>
    <I Id="68" N="68" Source="images/comunity.xml">
      <Size Width="240" Height="164" />
    </I>
    <I Id="69" N="69" Source="images/comunity.xml">
      <Size Width="240" Height="164" />
    </I>
    <I Id="70" N="70" Source="images/comunity.xml">
      <Size Width="240" Height="164" />
    </I>
    <I Id="71" N="71" Source="images/comunity.xml">
      <Size Width="240" Height="164" />
    </I>
    <I Id="72" N="72" Source="images/comunity.xml">
      <Size Width="240" Height="164" />
    </I>
    <I Id="73" N="73" Source="images/comunity.xml">
      <Size Width="240" Height="164" />
    </I>
    <I Id="74" N="74" Source="images/comunity.xml">
      <Size Width="240" Height="164" />
    </I>
    <I Id="75" N="75" Source="images/comunity.xml">
      <Size Width="240" Height="164" />
    </I>
    <I Id="76" N="76" Source="images/comunity.xml">
      <Size Width="240" Height="164" />
    </I>
    <I Id="77" N="77" Source="images/comunity.xml">
      <Size Width="240" Height="164" />
    </I>
    <I Id="78" N="78" Source="images/comunity.xml">
      <Size Width="240" Height="164" />
    </I>
    <I Id="79" N="79" Source="images/comunity.xml">
      <Size Width="240" Height="164" />
    </I>
    <I Id="80" N="80" Source="images/comunity.xml">
      <Size Width="240" Height="164" />
    </I>
    <I Id="81" N="81" Source="images/comunity.xml">
      <Size Width="240" Height="164" />
    </I>
    <I Id="82" N="82" Source="images/comunity.xml">
      <Size Width="240" Height="164" />
    </I>
    <I Id="83" N="83" Source="images/comunity.xml">
      <Size Width="240" Height="164" />
    </I>
    <I Id="84" N="84" Source="images/comunity.xml">
      <Size Width="240" Height="164" />
    </I>
    <I Id="85" N="85" Source="images/comunity.xml">
      <Size Width="240" Height="164" />
    </I>
    <I Id="86" N="86" Source="images/comunity.xml">
      <Size Width="240" Height="164" />
    </I>
    <I Id="87" N="87" Source="images/comunity.xml">
      <Size Width="240" Height="164" />
    </I>
    <I Id="88" N="88" Source="images/comunity.xml">
      <Size Width="240" Height="164" />
    </I>
    <I Id="89" N="89" Source="images/identifier.xml">
      <Size Width="225" Height="225" />
    </I>
    <I Id="90" N="90" Source="images/identifier.xml">
      <Size Width="225" Height="225" />
    </I>
    <I Id="91" N="91" Source="images/identifier.xml">
      <Size Width="225" Height="225" />
    </I>
    <I Id="92" N="92" Source="images/identifier.xml">
      <Size Width="225" Height="225" />
    </I>
    <I Id="93" N="93" Source="images/identifier.xml">
      <Size Width="225" Height="225" />
    </I>
    <I Id="94" N="94" Source="images/identifier.xml">
      <Size Width="225" Height="225" />
    </I>
    <I Id="95" N="95" Source="images/identifier.xml">
      <Size Width="225" Height="225" />
    </I>
    <I Id="96" N="96" Source="images/identifier.xml">
      <Size Width="225" Height="225" />
    </I>
    <I Id="97" N="97" Source="images/identifier.xml">
      <Size Width="225" Height="225" />
    </I>
    <I Id="98" N="98" Source="images/identifier.xml">
      <Size Width="225" Height="225" />
    </I>
    <I Id="99" N="99" Source="images/software.xml">
      <Size Width="128" Height="128" />
    </I>
    <I Id="100" N="100" Source="images/software.xml">
      <Size Width="128" Height="128" />
    </I>
    <I Id="101" N="101" Source="images/software.xml">
      <Size Width="128" Height="128" />
    </I>
    <I Id="102" N="102" Source="images/software.xml">
      <Size Width="128" Height="128" />
    </I>
    <I Id="103" N="103" Source="images/vocabulary.xml">
      <Size Width="201" Height="201" />
    </I>
    <I Id="104" N="104" Source="images/webclient.xml">
      <Size Width="256" Height="256" />
    </I>
    <I Id="105" N="105" Source="images/webclient.xml">
      <Size Width="256" Height="256" />
    </I>
    <I Id="106" N="106" Source="images/webclient.xml">
      <Size Width="256" Height="256" />
    </I>
    <I Id="107" N="107" Source="images/webclient.xml">
      <Size Width="256" Height="256" />
    </I>
    <I Id="108" N="108" Source="images/webclient.xml">
      <Size Width="256" Height="256" />
    </I>
    <I Id="109" N="109" Source="images/webclient.xml">
      <Size Width="256" Height="256" />
    </I>
    <I Id="110" N="110" Source="images/webclient.xml">
      <Size Width="256" Height="256" />
    </I>
    <I Id="111" N="111" Source="images/webclient.xml">
      <Size Width="256" Height="256" />
    </I>
    <I Id="112" N="112" Source="images/webclient.xml">
      <Size Width="256" Height="256" />
    </I>
    <I Id="113" N="113" Source="images/webclient.xml">
      <Size Width="256" Height="256" />
    </I>
    <I Id="114" N="114" Source="images/webclient.xml">
      <Size Width="256" Height="256" />
    </I>
  </Items>
</Collection>